Workbook
Name aporte: APP!$D$18:$D$18
Name investimento: APP!$C$35:$C$35
Name patrimonio: APP!$D$21:$D$21
Name qtd_anos: APP!$D$19:$D$19
Name rendimento_carteira: APP!$D$14:$D$14
Name salario: APP!#REF!
Name salrio: APP!#REF!
Name sujestao_investimento: APP!#REF!
Name taxa_mensal: APP!$D$20:$D$20

Sheet APP
B12: CONFIGURAÇÕES
B13: Sálario | D13: 2000
B14: Rendimento Carteira | D14: 0.006
B15: Sugestão de investimento(30%) | D15: =D13*30% -> 600
B17: INVESTIMENTO MENSAL
A18: 2 | B18: Quanto investir por mês? | D18: 200
A19: 5 | B19: Por quantos anos? | D19: 5
A20: 10 | B20: Taxa de rendimento mensal? | D20: 0.01079
A21: 20 | B21: Patrimônio acumulado? | D21: {=FV(taxa_mensal,qtd_anos*12,aporte*-1)} -> 16755.383
A22: 30 | B22: Dividendos mensais? | D22: {=patrimonio*rendimento_carteira} -> 100.5323
B25: CENÁRIOS | D25: Dividendo
B26: Quanto em 2 anos? | C26: {=FV(taxa_mensal,$A18*12,aporte*-1)} -> 5445.5255 | D26: {=C26*rendimento_carteira} -> 32.673153
B27: Quanto em 5 anos? | C27: {=FV(taxa_mensal,$A19*12,aporte*-1)} -> 16755.383 | D27: {=C27*rendimento_carteira} -> 100.5323
B28: Quanto em 10 anos? | C28: {=FV(taxa_mensal,$A20*12,aporte*-1)} -> 48656.843 | D28: {=C28*rendimento_carteira} -> 291.94106
B29: Quanto em 20 anos? | C29: {=FV(taxa_mensal,$A21*12,aporte*-1)} -> 225039.68 | D29: {=C29*rendimento_carteira} -> 1350.2381
B30: Quanto em 30 anos? | C30: {=FV(taxa_mensal,$A22*12,aporte*-1)} -> 864433.93 | D30: {=C30*rendimento_carteira} -> 5186.6036
B34: PERFIL | C34: Moderado
B35: VALOR A SER INVESTIDO POR MÊS | C35: {=aporte} -> 200
B37: TIPO DE FII | C37: Percentual Sugerido | D37: Valores
B38: PAPEL | C38: =VLOOKUP($C$34&"-"&B38,dados!$A:$D,4,FALSE) -> 0.32 | D38: {=C38*investimento} -> 64
B39: TIJOLO | C39: =VLOOKUP($C$34&"-"&B39,dados!$A:$D,4,FALSE) -> 0.35 | D39: {=C39*investimento} -> 70
B40: HÍBRIDOS | C40: =VLOOKUP($C$34&"-"&B40,dados!$A:$D,4,FALSE) -> 0.08 | D40: {=C40*investimento} -> 16
B41: FOFs | C41: =VLOOKUP($C$34&"-"&B41,dados!$A:$D,4,FALSE) -> 0.05 | D41: {=C41*investimento} -> 10
B42: DESENVOLVIMENTO | C42: =VLOOKUP($C$34&"-"&B42,dados!$A:$D,4,FALSE) -> 0.1 | D42: {=C42*investimento} -> 20
B43: HOTELARIAS | C43: =VLOOKUP($C$34&"-"&B43,dados!$A:$D,4,FALSE) -> 0.1 | D43: {=C43*investimento} -> 20
D44: =D38+D39+D40+D41+D43+D42 -> 200

Sheet dados
A2: CHAVE | B2: PERFIL | C2: TIPO DE FII | D2: %
A3: =B3&"-"&C3 -> Conservador-PAPEL | B3: Conservador | C3: PAPEL | D3: 0.3
A4: =B4&"-"&C4 -> Conservador-TIJOLO | B4: Conservador | C4: TIJOLO | D4: 0.5
A5: =B5&"-"&C5 -> Conservador-HÍBRIDOS | B5: Conservador | C5: HÍBRIDOS | D5: 0.1
A6: =B6&"-"&C6 -> Conservador-FOFs | B6: Conservador | C6: FOFs | D6: 0.1
A7: =B7&"-"&C7 -> Conservador-DESENVOLVIMENTO | B7: Conservador | C7: DESENVOLVIMENTO | D7: 0
A8: =B8&"-"&C8 -> Conservador-HOTELARIAS | B8: Conservador | C8: HOTELARIAS | D8: 0
A9: =B9&"-"&C9 -> Moderado-PAPEL | B9: Moderado | C9: PAPEL | D9: 0.32
A10: =B10&"-"&C10 -> Moderado-TIJOLO | B10: Moderado | C10: TIJOLO | D10: 0.35
A11: =B11&"-"&C11 -> Moderado-HÍBRIDOS | B11: Moderado | C11: HÍBRIDOS | D11: 0.08
A12: =B12&"-"&C12 -> Moderado-FOFs | B12: Moderado | C12: FOFs | D12: 0.05
A13: =B13&"-"&C13 -> Moderado-DESENVOLVIMENTO | B13: Moderado | C13: DESENVOLVIMENTO | D13: 0.1
A14: =B14&"-"&C14 -> Moderado-HOTELARIAS | B14: Moderado | C14: HOTELARIAS | D14: 0.1
... A20: =B20&"-"&C20 -> Agressivo-HOTELARIAS | B20: Agressivo | C20: HOTELARIAS | D20: 0.1
